ime,datum
Maine Coon mucke vrhunskega izvora,19.10.2020.
Mucki,19.10.2020.
Britanka,19.10.2020.
Podarim črnega mucka,19.10.2020.
Mucek 2 meseca - samec,19.10.2020.
Maine Coon mucke vrhunskega izvora,19.10.2020.
Čudovita Taja &amp; Medi (pomagamo pri oddaji),19.10.2020.
Simpatična Lubica &amp; Miki,19.10.2020.
Podarim domače mačke,19.10.2020.
Urh,19.10.2020.
mačke,18.10.2020.
Oddamo muco,18.10.2020.
Podarimo psicko Luno,18.10.2020.
Oddam črnega mucka in pisano mucko,18.10.2020.
Maine coon punčka white!,18.10.2020.
Maine coon punčka black!,18.10.2020.
Muci,18.10.2020.
Podarimo muce,18.10.2020.
Podarimo muce,18.10.2020.
Scottish fold muc,18.10.2020.
Mucki,18.10.2020.
Mucki,18.10.2020.
Mucki,18.10.2020.
Britanka,18.10.2020.
PODARIMO ljubkega mucka,17.10.2020.
Dražgoše,17.10.2020.
